{
    "shield": {
        "name" : "Shield",
        "description": "It's a shield, there's not really anything else to it. Although it can sometimes protect you from robberies",
        "uses":[
            "Will protect you from any robbery"
        ],
        "price": 1500,
        "id": "shield",
        "rarity": "Common"
    },
    "shieldhp": {
        "name": "Shield's HP",
        "description": "The amount of hp your shield has before it breaks. It lowers when somebody attempts to rob you.",
        "uses" : [],
        "price": 150,
        "id": "shieldhp",
        "rarity": "Common"
    },
    "rock": {
        "name": "Rock",
        "description":"It's a rock. Nothing more, nothing less.",
        "uses" : [],
        "price" : 50,
        "id" : "rock",
        "rarity": "Common",
        "emoji":"<:rock:1106937815738110055>"
    },
    "stick": {
        "name": "Stick",
        "description": "A stick that was torn off from a tree, stick moment",
        "uses" : [],
        "price": 100,
        "id" : "stick",
        "rarity": "Common",
        "emoji":"<:stick:1106945454572314695>"
    },
    "gem" : {
        "name": "Gem",
        "description": "shine",
        "uses": [],
        "price": 6e9,
        "id": "gem",
        "rarity": "Rare",
        "emoji":"💎"
    },
    "coal": {
        "name": "Coal",
        "description": "it's coal. coal.",
        "uses": [],
        "price": 1200,
        "id": "coal",
        "rarity": "Uncommon",
        "emoji":"<:coal:1106946918954827956>"
    }
}