[
    {
      "type": "tailor",
      "pay": true,
      "cont": "You made a lovely dress for an elderly lady and earned {AMT} coins."
    },
    {
      "type": "tailor",
      "pay": true,
      "cont": "You altered a suit for a businessman and earned {AMT} coins."
    },
    {
      "type": "tailor",
      "pay": false,
      "cont": "You tried to sew a shirt, but ended up with a mess of tangled thread."
    },
    {
      "type": "tailor",
      "pay": false,
      "cont": "You ruined a dress while trying to sew on a button."
    },
    {
      "type": "farmer",
      "pay": true,
      "cont": "You harvested a bumper crop of wheat and earned {AMT} coins."
    },
    {
      "type": "farmer",
      "pay": true,
      "cont": "You sold fresh milk from your dairy farm and earned {AMT} coins."
    },
    {
      "type": "farmer",
      "pay": false,
      "cont": "You lost a valuable herd of cattle to disease."
    },
    {
      "type": "farmer",
      "pay": false,
      "cont": "A hailstorm destroyed your fields, leaving you with no harvest to sell."
    },
    {
      "type": "gamer",
      "pay": true,
      "cont": "You won a tournament and earned {AMT} coins."
    },
    {
      "type": "gamer",
      "pay": true,
      "cont": "You sold a rare item for a high price and earned {AMT} coins."
    },
    {
      "type": "gamer",
      "pay": false,
      "cont": "You lost all your progress in a game due to a bug."
    },
    {
      "type": "gamer",
      "pay": false,
      "cont": "You got scammed by someone promising to sell you in-game currency."
    },
    {
      "type": "youtuber",
      "pay": true,
      "cont": "Your latest video went viral and earned you {AMT} coins from ad revenue."
    },
    {
      "type": "youtuber",
      "pay": true,
      "cont": "You got a brand deal for your channel and earned {AMT} coins."
    },
    {
      "type": "youtuber",
      "pay": false,
      "cont": "Your channel got demonetized for violating community guidelines."
    },
    {
      "type": "youtuber",
      "pay": false,
      "cont": "Your latest video got a lot of dislikes and negative comments."
    },
    {
      "type": "twitch-streamer",
      "pay": true,
      "cont": "You got a lot of donations during your last stream and earned {AMT} coins."
    },
    {
      "type": "twitch-streamer",
      "pay": true,
      "cont": "You got a sponsor for your channel and earned {AMT} coins."
    },
    {
      "type": "twitch-streamer",
      "pay": false,
      "cont": "Your internet went out during a stream, causing you to lose viewers and potential income."
    },
    {
        "type": "twitch-streamer",
        "pay": false,
        "cont": "You accidentally broke a game"
    },
    {
        "type": "discord-mod",
        "pay": true,
        "cont": "You successfully handled a sensitive situation and earned {AMT}."
    },
    {
        "type": "discord-mod",
        "pay": true,
        "cont": "You helped a new user navigate the server and earned {AMT}."
    },
    {
        "type": "discord-mod",
        "pay": false,
        "cont": "You accidentally deleted a channel and had to spend time restoring it."
    },
    {
        "type": "discord-mod",
        "pay": false,
        "cont": "You had to deal with a toxic user and it took up a lot of your time and energy."
    },
    {
        "type": "teacher",
        "pay": true,
        "cont": "You helped a struggling student improve their grades and earned {AMT}."
    },
    {
        "type": "teacher",
        "pay": true,
        "cont": "You received excellent feedback from students and earned {AMT}."
    },
    {
        "type": "teacher",
        "pay": false,
        "cont": "You had to spend extra time grading a difficult assignment."
    },
    {
        "type": "teacher",
        "pay": false,
        "cont": "You had to deal with a disruptive student and it took up a lot of your time and energy."
    },
    {
        "type": "chef",
        "pay": true,
        "cont": "You created a new dish that was a hit with customers and earned {AMT}."
    },
    {
        "type": "chef",
        "pay": true,
        "cont": "You received a great review from a food critic and earned {AMT}."
    },
    {
        "type": "chef",
        "pay": false,
        "cont": "You burned a dish and had to remake it, costing you extra time and resources."
    },
    {
        "type": "chef",
        "pay": false,
        "cont": "You had to deal with a difficult customer and it took up a lot of your time and energy."
    },
    {
        "type": "pilot",
        "pay": true,
        "cont": "You flew a successful flight and earned {AMT}."
    },
    {
        "type": "pilot",
        "pay": true,
        "cont": "You received positive feedback from passengers and earned {AMT}."
    },
    {
        "type": "pilot",
        "pay": false,
        "cont": "You experienced turbulence and had to spend extra time trying to stabilize the plane."
    },
    {
        "type": "pilot",
        "pay": false,
        "cont": "You had to deal with an unruly passenger and it took up a lot of your time and energy."
    },
    {
        "type": "servant",
        "pay": true,
        "cont": "You completed all your tasks efficiently and earned {AMT}."
    },
    {
        "type": "servant",
        "pay": true,
        "cont": "You received a bonus from your employer for your excellent work and earned {AMT}."
    },
    {
        "type": "servant",
        "pay": false,
        "cont": "You accidentally broke a valuable item and had to pay for it out of your own pocket."
    },
    {
        "type": "police",
        "pay": true,
        "cont": "You caught a robber and received {AMT} as a reward from the grateful shop owner."
    },
    {
        "type": "police",
        "pay": true,
        "cont": "You solved a difficult case and received {AMT} as a bonus from your superiors."
    },
    {
        "type": "police",
        "pay": false,
        "cont": "You couldn't catch the criminal and got reprimanded by your boss."
    },
    {
        "type": "police",
        "pay": false,
        "cont": "You let a criminal get away and received a warning from your superiors."
    },
    {
        "type": "miner",
        "pay": true,
        "cont": "You found a rare mineral and sold it for {AMT} to a wealthy collector."
    },
    {
        "type": "miner",
        "pay": true,
        "cont": "You worked overtime and received {AMT} in extra pay from your boss."
    },
    {
        "type": "miner",
        "pay": false,
        "cont": "You accidentally caused a cave-in and had to pay {AMT} for the damages."
    },
    {
        "type": "miner",
        "pay": false,
        "cont": "You got lost in the mine and had to be rescued, but received no pay for that day."
    },
    {
        "type": "construction-worker",
        "pay": true,
        "cont": "You finished the project ahead of schedule and received {AMT} as a bonus from your boss."
    },
    {
        "type": "construction-worker",
        "pay": true,
        "cont": "You found a lost wallet on the construction site and returned it to its owner, who gave you {AMT} as a reward."
    },
    {
        "type": "construction-worker",
        "pay": false,
        "cont": "You damaged some expensive equipment and had to pay {AMT} for the repairs."
    },
    {
        "type": "construction-worker",
        "pay": false,
        "cont": "You got into a fight with a coworker and got suspended for a week without pay."
    }
]